dialogue_prepared,summary_prepared,generated_summary
"Ellie: hey, are you at the university?
Aaliyah: yep
Camille: I'm sick :/
Ellie: shiet....that's bad
Ellie: Aali, where are we having our classes now?
Aaliyah: 342 on the second floor",Ellie's class is in 342 on the second floor.,"""I don't know what to say to that,"" he said. ""I'm not going to tell you what to do, but I'm going to say what I think is the right thing to do.

""I think it's important for us to have a conversation about what we're doing and what"
"Ethan: somethin for Scott <file_photo>
Toby: haha, totally
Marshall: pretty much sums it up
Scott: you know you're exactly fuckin the same
Toby: oh we know honey bunny
Marshall: we just enjoy making fun of YOU
Ethan: xD
Scott: oh fuck y'all
Toby: <file_gif>","Ethan, Toby and Marshall are making fun of Scott.","""I don't know what to say to that,"" he said. ""I'm not going to tell you what to do, but I'm going to say what you need to do.""

He added: ""I think we're going to see a lot more of that in the next couple of years."
"Beatrice: I am in town, shopping. They have nice scarfs in the shop next to the church. Do you want one?
Leo: No, thanks
Beatrice: But you don't have a scarf.
Leo: Because I don't need it.
Beatrice: Last winter you had a cold all the time. A scarf could help.
Leo: I don't like them.
Beatrice: Actually, I don't care. You will get a scarf.
Leo: How understanding of you!
Beatrice: You were complaining the whole winter that you're going to die. I've had enough.
Leo: Eh.","Beatrice wants to buy Leo a scarf, but he doesn't like scarves. She cares about his health and will buy him a scarf no matter his opinion.","""I think it's important for us to make sure that we're doing everything we can to ensure that we have the best possible service for our customers,"" he said.

""We're going to continue to work closely with our partners to ensure we're providing the best service possible to our customers."""
"Peadar: So who's coming for a drink later then??!
Clare: Oh lols soz I'm not in town
Annette: A drink?!!?!!
Peadar: A drink!!!
Annette: I’m home sick soz huns
Annette: Got lung lurgy
Oli: Are people at Jesus bar now?
James: Heading to Jesus bar now! Come join :) turn left as you come into college
Anne: Woops.. . Sorry guys I double booked myself!
Helen: Yes! Jesus bar, from around 9.15 ish
Peadar: Was that just a question oli😋 or did you mean... I'll join ye😁
Oli: I cycled and ran around the bar, but couldn't find anyone 😢
Clare: You cycled around the bar?
Oli: To the bar 😅
Helen: 🙈😍😇",Annette is sick. James is going to the Jesus bar. Oli couldn't find anyone near the bar.,"I'm not sure if this is a good thing or a bad thing, but I think it's a good idea.

I think it would be nice to have a system that would allow people to be able to do things that they don't want to do, and that would make it easier for people to"
"Dan: Guys, so are we going out on Sat?
Tim: I'm ready when you are
Chris: I'm OK too, in the centre right?
Tom: I'm out guys sorry. 
Dan: come on Tom, what's wring this time
Tom: told ya before. party at in-laws
Chris: always the same story right
Martin: right guys, so what time?
Tim: start @8? finish. 8 if we're lucky
Dan: yeah, i need to be home at 2 and ready to drive on Sunday noon
Chris: so you takin it easy this time
Martin: i guess i'd have to as well
Tim: guys you sound like 60 yos
Chris: Tim, are the last two standing or what?
Tim: i gather
Dan: you two will also grow up one day.","Dan,Tim, Chris and Martin will meet at 8. Dan and Martin will take it easy this time. Tom can't make it as he has a party at in-laws.","I'm not sure if this is a good thing or a bad thing, but I think it's a good idea.

I think it would be nice to have a way for people to share their experiences with each other. I think this would be a great way to do that.
, and I think"
"Eric: Hey Bella, What happened today in boss's room?? Was he angry??
Bella: NO NO!!! He wasn't angry at all.. He actually appreciated on our brave deccision to dismiss the request of client..
Eric: REALLY!! He appreciated this decision..
Bella: Yeah he really did.. I too was astounded by his reaction...
Eric: What could possibly lead to this?? I mean , they were potential clients...
Bella: What he told me was that he was looking forward to bring in new clients which were our current client's competitor..
Eric: Oh that could possibly be the reason.Well anyways you got appreciation xD congo 
Bella: hahaha Blessing in disguise xD",Bella and Eric dismissed a request of a client. Their boss appreciated the decision. He brings in new clients.,"I'm not sure if this is a good thing or a bad thing, but I think it's a good idea.

I think it would be nice to have a system that allows you to do a lot of things at the same time. I don't know if this would be good or bad, but"
"Adam: My friend told me he saw Tim with a guy.
Nate: And?
Adam: <file_photo>
Nate: omg
Julia: Yeah, what a shocker
Adam: ??? You knew?!
Julia: I thought everyone knew
Nate: I had no idea
Nate: Did he tell you anything?
Julia: That he’s gay? God no
Adam: Why didn’t you tell us?
Julia: First: I assumed you knew
Julia: Second: Why would I? it’s not my business
Nate: I think he should’ve told us ;/ not cool
Adam: yeah, I made a completely idiot out of myself defending him
Julia: Against whom? I’m not surprised he didn’t tell you
Nate: Well, it’s not fair, we’re his friends
Julia: And? Does it change anything?","Julia knew Tim was gay, while Adam and Nate didn't.","""I think it's important for us to be able to do that,"" he said. ""I think that's what we need to do. We need to get back to where we were at the beginning of the year."""
"Pam: Hey Robert, you said you cold help with Tom's birthday?
Robert: Sure, what do you need?
Pam: I have to go shopping, cook and clean and I figured out I don't have time to pick up the balloons
Robert: from where?
Pam: there this store in the city centre that sells these awesome floating balloons
Robert: No problem just text me the address
Pam: bless you!
Robert: ;)",Robert will pick up floating balloons for Tom's birthday.,"""I think it's important for us to make sure that we're doing everything we can to ensure that we don't get caught up in this kind of thing,"" he said.

""We're going to continue to work with our partners to ensure we're getting the best possible service for our customers."""
"Lilly: sorry, I'm gonna be late
Lilly: don't wait for me and order the food
Gabriel: no problem, shall we also order something for you?
Gabriel: so that you get it as soon as you get to us?
Lilly: good idea!
Lilly: pasta with salmon and basil is always very tasty there",Lilly will be late. Gabriel will order pasta with salmon and basil for her.,"""I don't know what to say,"" he said. ""I'm not sure what to do. I don't think I'm going to be able to do it.""

He added: ""I think it's going to take a lot of time. I think it will take a long time."""
"Michael: Sorry I can't make it today :(
Tom: well, ok... are you sure?
Michael: I'm really sorry, can't leave the office before 8pm 
Tom: it's okay, call me tomorrow
Michael: I will. Sorry again","Michael can't leave the office before 8 PM, so he's unable to meet with Tom. Michael will call Tom tomorrow.","""I don't know what to say,"" he said. ""I'm not sure what to do. I don't think I'm going to be able to do it.""

He added: ""I think it's going to take some time. I think it will take a lot of time. But I"
"Jason: Yo, what are you doing after work?
Mike: Going to the gym and then home boy.
Jason: You eating at home?
Mike: Yep, bring your food and come over.
Jason: Will do. Afterwards we play some Destiny 2 on ps4?
Mike: You bet ya, that game is so addictive!
Jason: Ok cya later then!´
Mike: Oh yeah👌","After work, Mike is going to go to the gym and then home. He invites Jason to bring some food and come over. They can play 2 on ps4.","""I don't know what to say to that,"" he said. ""I'm not sure what to do. I don't think I'm going to be able to do it. I'm not going to do that.""

He added: ""I think it's going to take some time. I think"
"Kate: I just had a fight with Chris :/
Mary: Oh no, not again
Kate: It's not me who started it. I don't know why he says certain stuff, it seems like he's doing it on purpose
Mary: What was it this time?
Kate: Same thing, as always. Really, he knows what I think and I know what he thinks so I don't bring up certain things. I don't want to argue, but if it keeps happening, I don't see the point of talking to him
Kate: I'm angry every single time I talk with him
Mary: Eh, I don't get why he keeps doing it. What did he say?
Kate: I don't want to get worked up over it again, but really usual stuff. He watched a programme about the refugees and went on a rant about it
Mary: oh god
Kate: right?! I don't know why I'm still talking with him. I tried to talk some sense into him, apparently with no luck
Mary: What did you tell him?
Kate: What I usually tell him. He was an immigrant once, he was working abroad, I sent him all the data and research, statistics, everything.
Mary: I'm afraid Chris may be too pig-headed for that
Kate: Pfff I bet he didn't even read anything. He's just watching the nationalists, Trump and all those idiots, listens to everything they're saying on the telly instead of just thinking for once
Mary: I know, to be honest I kind of avoid these subjects when I'm talking with him
Kate: Well, I try to as well, but as you can see he can't stop himself
Kate: I know he's our friend and we go out often, but I'm not sure I can do it any more, I don't want be friends with someone who thinks that Mexican children are worse and that they should be kept away from the US
Mary: Oh my god he said that?
Kate: Yes :/
Mary: Jesus, I knew he has strong views, but to say something like that? That's a bit too much
Kate: You're telling me this. I think we should reconsider this let's say friendship, because if every conversation will lead to something like this, I'm not interested in staying in touch with him
Mary: No wonder",Kate had a fight with Chris about refugees. He thinks the U.S. should not accept them. Kate and Mary do not share this opinion. They are having second thoughts about their friendship.,"""I don't know what to say to that,"" he said. ""I'm not sure what to do. I don't think I'm going to be able to do it.""

He added: ""I think it's going to take a lot of time. I think it will take a long time"
"Marco: hi there! is this yours?
Marco: <file_photo>
Marco: somebody left it at my place yesterday
Sandra: ooops yes its mine
Sandra: its Millas present, I bought it right before your party
Sandra: can you bring it over?",Sandra bought a present for Milla right before Marco's party and left it in his place. She asks Marco to bring it over.,"""I think it's important for us to do something about it,"" he said. ""We're not going to be able to do it alone. We're going to have to work together.""

He added: ""I think we need to do more. We need to be more proactive. We have to"
"Ana: You sleeping?
Catherine: Not yet.
Ana: Wanna go visit grandma tomorrow? I miss her.
Catherine: Yeah that would be nice :) I'll call you when I wake up
Ana: Oki :) sleep well, good night.
Catherine: Good night, u too.",Ana wants to visit grandma tomorrow. Catherine will go with her. She will call Anna when she wakes up.,"""I think it's important for us to do something about it,"" he said. ""I think we need to do a lot of things. We need to make sure that we're doing things that are good for the community and good for our community.""

""We need to take a look at what's"
"Daniel: Yo, at what time do you get out of work?
Missy: At 6.
Daniel: Drinks after dinner?
Missy: Totally!
Daniel: Cool.",Daniel will see Missy after 6 for drinks.,"""I don't know what to say to that,"" he said. ""I'm not sure what to think about it. I don't think it's going to change my life. I'm not going to be able to do that. But I'm going to do what I can to help my family."""
"James: I am driving there, need a ride?
Richard: That's perfect, thanks, what time should I be ready?
James: 6:15?
Richard: I'll be waiting!",James will pick up Richard at 6:15.,"""I don't know what to say,"" he said. ""I'm not sure what to do. I don't think I'm going to be able to do it.""

He added: ""I think it's going to take a lot of time. I think it will take a long time."""
"Don: What did you buy for Nancy's birthday?
Margot: A bottle of nice wine.
Yvonne: I didn't buy anything yet :/",Margot bought a bottle of nice wine for Nancy's birthday.,"""I think it's important for us to do something about it,"" he said.

""We're not going to be able to do anything about it. We're going to have to look at it and see what we can do.""

He added: ""I think we need to make sure that"
"Julie: Most of the people will be girls from the village 40+
Debra: i dont care, village girls are super cool
Julie: it will be awesome to meet up again
Debra: it is over the weekend and looking into my calendar it seems im available
Julie: awesome! so youre on the list <3
Debra: <3
Julie: yeah, we'e gonna drink a little vodka :P
Debra: :D
Julie: go on debbie and share the event on your wall, we need some recognition haha
Debra: brace yourself Jules :D how many people are coming?
Julie: its 20","Julie and Debra are discussing the event, there will be about 20 people, mostly girls from the village 40+.","""I think it's important for us to do something about it,"" he said. ""We need to make sure that we're doing something about this.""

He added: ""I think we need to do a lot of things about it. We need to look at what's going on in the world and"
"Adam: Have you talked to May?
Karen: Yes, yesterday, why?
Adam: I just talked to her and I must admit I worry about her
Karen: Me too, I suggested she should see a specialist, but she wasn't very happy about it
Adam: No wonder...
Karen: I know, but I think this is serious. She's saying she's depressed, like everyone around, but in her case it may be true
Adam: She was telling me she doesn't feel like doing anything, she's bored all the time, she never feels happy. It sounds like a real, typical depression
Adam: She also told me that she has trouble sleeping. I asked her to go out for a beer or anything basically, but she doesn't want to leave the flat
Karen: Oh my, it sounds really serious. I don't what to tell you
Adam: I was wondering how I can help her
Karen: Honestly I don't know if we can help her, Adam. I suggested a specialist because these are very sensitive issues and I'm afraid we may unintentionally make it worse
Adam: Yes, but she doesn't want to see a specialist. Basically, she doesn't want to see anyone
Karen: Hm... I don't know... How about I call someone for advice? So we could know what to do
Adam: Sounds rational, do you know anyone you could call? Don't mention her name
Karen: Of course I won't! I have a friend who's a psychologist, we can trust her. I'll let you know
Adam: Thank you Karen!",Adam and Karen are worried that May suffers from depression. Karen will call her friend who is a psychologist and ask for advice.,"I'm not sure if this is a good thing or a bad thing, but I think it's a good idea.

If you're not sure what you want to do with your life, you're probably not going to be able to do it well. You're probably going to feel like you're stuck"
"Daisy: going home?
Lisa: not yet
Daisy: please be back before 11 pm
Lisa: ok",Lisa isn't going home yet. Daisy wants her to be back before 11 p.m.,"""I'm not going to lie to you,"" he said. ""I'm going to tell you what I think. I'm not lying to you. I don't know what you're talking about.""

He added: ""I don't think you're going to believe what I'm saying. I think"
"Simon: <file_photo>
Simon: It's funny and scary at the same time.
Simon: BTW it's so annoying that people can't see that such immigration policy reduces safety level for citizens of EU significantly
Charlie: This photo is great. It totally shows what do we all mean when we criticize EU policy. 
Charlie: Berlin has put concrete blocks around Christmas fair, Belgium has soldiers running armed around cities and Paris has mass demonstrations and car arsons happening all over the city.
Charlie: Poland though...
Charlie: One of the last countries unspoilt by uncontrolled migration and terrorism
Charlie: The question is - for how long...
Simon: I always say that there is advantage of the polish situation
Simon: I mean being economically delayed for few decades
Simon: Poland has a chance to develop in fast pace and at the same time has a position to avoid all the mistakes other western powers made.
Simon: The worst thing is that the country is being ostracized by defending it's values and interests. 
Charlie: Yup. And as long as there are people in Poland ready to defend that values, the country will be marginalized by every other nation.
Simon: I admire Poles.
Simon: I admire them for they will to fight.
Simon: They never give up.
Charlie: Different countries tried to eliminate them from the map.
Simon: I tell you, there will be time, when only Poland will have power to fight with internal problems of Europe.
Charlie: Maybe. But there is a risk that internal conflict will rip the country apart.
Simon: Let's hope not.
Charlie: Yup. To conclude: Christmas in Poland will be the best Christmas in Europe :D
Simon: I agree :)",Simon and Charlie admire Poland for its anti-immigration policy and the way it defends its values and interests.,"""I don't know what to say to that,"" he said. ""I'm not going to tell you what to do, but I'm going to try to help you.""

He added: ""I think it's going to be a very good year for us. I think we're going to win"
"Morgan: Hey gorgeous, how’s your day?
Suzanne: Nothing special, it’s just one of many boring days at work. But… better now though!
Morgan: Are you working at all? 😉
Suzanne: I’m trying 😉 But you aren’t helping me, at all
Suzanne: I’m just taking a well-deserved break 😉
Morgan: I miss you Suzie
Suzanne: I miss you too Morgan
Morgan: Do you feel like going to a concert next week? Maroon 5 is playing at the Hulu Theater at Madison Square Garden.
Morgan: As it happens, I’ve got two tickets 😉
Morgan: Do you want to go?
Suzanne: Really? OMG! That’s wonderful!
Suzanne: Thank you sweetheart!
Morgan: Oh, nothing. I just want you to be happy 😉",Suzanne is at work and is having a break now. Morgan invites Suzanne to a concert of Maroon 5 which takes place next week at the Hulu Theatre at Madison Square Garden. Suzzanne agrees.,"""I don't know what to say to that,"" he said. ""I'm not sure what to do. I don't think I'm going to be able to do it. I'm not going to do anything. I just want to get out there and do what I can.""

He said he"
"Keith: Hi there kiddo, when are you planning to visit you old parents? :)
Laura: Hey Dad, I'm not sure yet. I've been pretty busy recenlty.There is this big project coming…
Keith: Oh, I understand, all work and no play…XD
Laura: Daad! Don't be mean! You know I treat studying seriously!
Keith: I know, you take after your mum :) By the way I think she bought some b-day gift for you…
Laura: Next Saturday it is then :D 
Keith: I'll tell mum, she'll be really happy:)
Laura: And please cook your lasagne! I miss it so badly …
Keith: I'll se what I can do Pumpkin, le'ts stay in touch :)",Laura is going to visit her parents next Saturday. Keith might make a lasagne for her. Laura's mom has a birthday gift for her.,"""I don't know what to say to that,"" he said. ""I'm not sure what to do. I don't think I'm going to be able to do it. I'm not going to do anything. I just want to go out there and do what I can to help this team win."""
"Nate: They've just sent me an excel file with all the registrations
Julie: how are we doing??
Nate: overbooked!
Julie: no...
Nate: a little bit. I guess that's better than having half of the room empty
Julie: how many people for the first day dinner?
Nate: Let me check...
Julie: ok
Nate: shit this is the worst, the registrations are transformed into text in Excel
Julie: omg what registration system is that
Nate: shitty one
Julie: what should be do?
Nate: I have to create a new file and feed the data into the tables myself
Julie: the worst.",Nate and Julie are overbooked. Nate is having problems with the registration system so he has to deal with it himself.,"""I don't know what to say,"" he said. ""I'm not sure what to do. I don't think I'm going to be able to do it. I'm not going to do anything. I just want to go out there and do what I want to do.""

He said he"
"Greg: Hi, honey. I need to stay after hours :-(
Betsy: Again?
Greg: I'm sorry!
Betsy: What about Johnny?
Greg: Well, could you pick him up? 
Betsy: What if I can't?
Greg: Betsy?
Betsy: What if I can't?
Greg: Can't you, really?
Betsy: I can't. Today I need to work long hours as well. Tuesdays are your days in the kindergarten.
Greg: Talk to you later. I'll see what I can do.
Betsy: You'd better think of something.
Greg: Oh. Just stop it now.","Greg and Betsy have a lot of work today, so they cannot pick up Johnny from the kindergarten. However, it's Greg's turn to do it. Greg will try to find a solution.","""I think it's important for us to be able to do that,"" he said. ""I think that's what we're trying to do. I think we're going to continue to work on that."""
"Ethan: ok I’m back
Dustin: <file_gif>
Ray: hey. How was the meeting?
Ethan: boooriiiiing
Dustin: <file_gif>
Ethan: all the more that I’m all sore after yesterday
Ethan: <file_gif>
Ray: again? how often do you go to the gym bro?;D
Ethan: oh you know. I usually try every other day
Ethan: but this week I’ve trained every day
Dustin: whaaaa
Ray: you’re crazy
Ethan: some guys always go every day and they live
Dustin: yeah right. I’m so proud of myself if I go twice a week ;D
Ray: exactly!
Ethan: no pain no gain 
Dustin: so u training tonight? Or maybe
Dustin: <file_gif>
Dustin: ? :D
Ray: all riiiight :D now you’re talking;D
Ethan: I was going to…
Ethan: but you know…
Ray: 8pm my place?
Dustin: perfect
Ethan: how bout 9pm? I have to pick up the kids 
Ray: Ok, we’ll be waiting
Dustin: we will. Not sure if the magic potion will xD
Ethan: Ok I’ll text Sam to pick them up ;D
Ethan: see u at 8
Ray: <file_gif>",Ethan was at the gym yesterday. This week he has been training every day. Ethan and Dustin will come to Ray's place at 8pm.,"I'm not sure if this is a good thing or a bad thing, but I think it's a good idea.

If you're not sure what you're talking about, here are some things you should know:

1. You're not alone

There's no such thing as being alone"
"Ivan: hey eric
Eric: yeah man
Ivan: so youre coming to the wedding
Eric: your brother's
Ivan: yea
Eric: i dont know mannn
Ivan: YOU DONT KNOW??
Eric: i just have a lot to do at home, plus i dont know if my parents would let me
Ivan: ill take care of your parents
Eric: youre telling me you have the guts to talk to them XD
Ivan: thats my problem
Eric: okay man, if you say so
Ivan: yea just be there 
Eric: alright",Eric doesn't know if his parents let him go to Ivan's brother's wedding. Ivan will talk to them.,"""I think it's important for us to do something about it,"" he said.

""It's important to us to make sure that we don't do anything that's going to make it worse.""

Topics: government-and-politics, federal-government, australia

First posted"
"Edward: I dont wanna go on that business trip tomorrow
Lauren: I am stressed af
Kate: I don't think its gonna be that bad
Lauren: The boss is coming with us 
Kate: Yea well 
Kate: I am ok with him 
Edward: You think its gonna be just a few meetings with clients 😶
Kate: Not only
Kate: We're going to an expo 
Kate: I hate the expo stuff
Kate: We have to pretend to be nice
Kate: But people coming to our booth actually have nothing to do with what we're doing 
Lauren: True
Edward: Expos are not as stressful as meetings tho 
Kate: Ye well 
Kate: We cant complain rn 
Lauren: we have to go anyway 
Lauren: 😑😑😑
Kate: See y'all there then","Edward doesn't want to go on the business trip tomorrow. Lauren's stressed about it, because their boss is coming with them. Kate think it's going to be ok. There will be meeting with clients and an expo.","""I think it's important for us to make sure that we're doing everything we can to ensure that we don't get caught up in this kind of thing,"" he said.

""We're going to continue to work with our partners and partners around the world to ensure we're not going to get caught"
"Abdellilah: Where are you?
Sam: work
Abdellilah: What time you finish?
Sam: Not til 5
Abdellilah: Are your bringing him over tonight:
Sam: No in the morning:
Abdellilah: ok, what time?
Sam: About 9. Is that ok?
Abdellilah: ok - see you then",Sam won't finish work till 5. Sam is bringing him over about 9 am. Sam will see Abdellilah in the morning.,"""I don't know what to say to that,"" he said. ""I'm not sure what to do. I don't think I'm going to be able to do it.""

He added: ""I think it's going to take some time. I think it will take a lot of time."
"Joseph: It's fuzzy but I think you can recognize what's that(^_-)-☆
Joseph: <file_photo>
Ella: Ooooo
Ella: Baby cows??(/◕ヮ◕)/(/◕ヮ◕)/(/◕ヮ◕)/
Joseph: Wujek Janek has tween cows:D
Ella: Twins* darling xD
Joseph: Oh yeah, sorry Twins*
Ella: Good for him!! So cool❤️❤️
Ella: Wanna touch them❤️❤️❤️",Joseph has sent Ella a photo of Wujek Janek's twin baby cows. Ella is delighted.,"""We're not going to be able to do that,"" he said. ""We're going to have to do it in a way that makes sense.""

He added: ""It's going to take a lot of work to get it right, but we're very excited about it. We're excited about"
"Sam: so i started the career mode in fifa
Tim: 19?
Sam: yea
Sam: its so different from the one in 18 maaan
Tim: yeah?
Tim: whats different
Sam: alot of things
Sam: champions league for instance 
Sam: CHAMPIONS LEAGUE BABYY XD
Tim: cool xD",Sam started a career mode in FIFA.,"I'm not sure if this is a good thing or a bad thing, but I think it's a good idea.

If you're not sure what you're talking about, here's a list of things you can do to help:

1. Don't be afraid to ask for help."
"Anne: I hate that bitch!
Catherine: What did she do again???
Nora: Who's the bitch?
Nora: Sorry I missed something
Catherine: Miranda!!! 
Catherine: We all hate her
Anne: Yesterday she called Tom, was all sweet with him you know how she can be....
Catherine: No way she did it!! How dare she!! She knows you guys are dating.
Anne: I think that's why she did it. She wants to take Tom away from me.
Nora: Oh, come on! She's not his type!",Miranda called Tom yesterday and spoke to him in a sweet way. Anne is angry with her because Anne is dating Tom.,"""I don't know what to say to that,"" he said. ""I'm not sure what to think about it. I don't think it's a good thing. I think it is a bad thing.""

He added: ""It's not good. It's not a good idea. I'm"
"Drade: Mum he got out of the group chatting room
Marenda: I am sure he is angry!
Marenda: Why did you act that aggressively?
Marenda: You know your brother's temper
Drade: I just said what he had said was wrong!
Marenda: Apologize and send the invitation to him
Drade: Why should I?
Drade: I didn't say anything wrong!!!!!
Drade: He failed in his business, didn't he?
Marenda: But did you have to talk about it?
Drade: He acted like an asshole first
Marenda: Language! No need to talk about it more","Drade told her brother in the group chatting room that what he had said was wrong. Marenda thinks that he got out of it because he became angry, as he is short-tempered. Drade refuses to apologise and invite him again, since she feels that she is not the one to be blamed but him.","""I think it's important for us to be able to do that,"" he said. ""I think that's what we're going to have to do.""

He added: ""We've got a lot of work ahead of us. We've got to do what we can to make sure that we're"
"Luke: are you still looking for someone to join netflix family?
Paul: yes, 1 person :)
Luke: i am the one!
Paul: sure, i will send you the login and password on sunday
Luke: ok we can talk tomorrow
Paul: i don't really remember it now
Luke: send me also the bank account details so I can wire you the money every month. Are you paying for this or someone else?
Paul: I do, and I keep track of everyone accessing so you should not expect any bans :D
Luke: easy mate :D you still on holidays with your girl?
Paul: last dinner :( tomorrow we are out
Luke: how long have you been there?
Paul: less than 8 days :/",Paul is going to share his Netflix account with Luke. In exchange Luke is going to contribute to the subscription. Paul will send Luke his bank details. Paul is on vacation with his girlfriend till tomorrow.,"""I don't know what to say,"" he said. ""I'm not sure what to do. I don't think I'm going to be able to do it. I'm not going to do anything. I just want to get out there and play basketball.""

He said he's not sure if"
"Teacher: Rashi, why are you so low? 
Rashi: Ma’am I’m a bit confused about my career. 
Teacher: What is your confusion?
Rashi: I was discussing with my friends about the career options. 
Teacher: Hmm.
Rashi: There are too many to choose from.
Teacher: Choose a career based on what truly interests you. 
Rashi: I have many that interests me. How does it determine the career?
Teacher: The passion you have for what you do drives you to success. 
Rashi: But what about earnings?
Teacher: Remember at some point of time one should learn to balance between duties and success.
Rashi: How do I do that?
Teacher: Choose a career which interests you, get experienced and try to progress and widen the scope after a while.
Rashi: Hmm, ok.
Teacher: Something like earn and learn sort of..
Rashi: You are so right. I will remember this.
Teacher: So hope I managed to answer your questions.
Rashi: Yes mam! Thank you very much! 
Teacher : You are most welcome, Rashi.",Rashi is confused by too many career choices. Teacher advises him to choose something he has passion for and what interests him.,"""I don't know what to say to that,"" he said. ""I'm not sure what to do. I don't think I'm going to be able to do it. I'm not going to do anything. I just want to go out there and do my job.""

""I just want"
"Ron: check your email :P
Josh: what did u send me?
Ron: sth you want to have. 
Ron: Check :D :D",Josh should check the email from Ron.,"""I don't know what to say to that,"" he said. ""I'm not sure what to do. I don't think I'm going to be able to do that. I'm not going to do anything. I just want to go out there and play basketball.""

He said he's not"
"Grace: i didn't get to talk to you a lot at the party last night
Audrey: i know, i really wanted to catch up with you! :-(
Audrey: what's going on in your life?
Audrey: anything new?
Grace: not really, i'm excited about graduating soon
Grace: i think i'll apply for grad school but i'm still not sure
Audrey: you always have liked school lol
Grace: i've also thought of taking a year off
Audrey: that also sounds like a good idea!!!
Audrey: let me know when you make up your mind lol",Grace and Audrey didn't manage to talk at yesterday's party. Grace is about to graduate. She doesn't know if she will apply for a grad school or take a gap year.,"""I don't know what to say to that,"" he said. ""I'm not sure what to do. I don't think I'm going to be able to do it.""

He added: ""I think it's going to take some time. I think it will take a lot of time."
"Tom: we're few meters from you, can't you see us?
Jeffrey: lol, nope
Elena: c'mon, the red jacket!",Elena is wearing the red jacket and Jeffrey can't see her nor Tom.,"""I think it's important for us to be honest with ourselves about what we're doing,"" he said. ""We need to be transparent about what's going on. We need to make sure that we don't get caught up in what's happening.""

He added: ""We're not going to be"
"Greg: Hi there, I'm coming for a business trip soon and would stay for two nights longer in BG
Greg: Could I stay at your place?
Nina: Sure
Nina: How could you possibly ask that at all
Nina: Happy to see you soon
Greg: :-D
Greg: Super cool, see you soon! Kiss
Greg: I'm happy too
Nina: How do you come? Shall we pick you up from somewhere?
Greg: No Dear. I'll be going directly to work, they are picking me up; two days at work and then back to a city 
Greg: Don't prepare anything, please!
Nina: Ok, we are in touch 
Greg: <3",Greg asks Nina to accomodate him for two days while he's on a business trip.,"""I don't know what to say to that,"" he said. ""I'm not sure what to do. I don't think I'm going to be able to do it. I'm not going to do anything. I just want to go out there and do what I can.""

He said he"
"Jayden: But I don't need kids. Kids means over. At least for a woman
Brennan: Over what ?
Jayden: The end of normal life. Being pregnant, suffering because of this etc
Brennan: Hmm so I need to look for another mother to my kids then. Haha
Jayden: Being obligated to be with the. 24h. Men have only sex and they wait for kids while women suffer
Brennan: I don't agree...
Jayden: I wish I could do the same. Then probably i would say the same like u.
Brennan: Guys like me would be there through it all to reduce the suffering
Jayden: Physical suffering. No one can do anything with this. I wish I could just have sex and wait for a baby while having a normal life. Not getting fat, having the same body, the same breast and not disgusting ... Not feeling sick, not having pain, being able to do every day stuff even like walking...
Brennan: It's gonna happen eventually
Jayden: I was I'm a store, behind me there was a pregnant woman, she dropped some money and she couldn't even take them from the floor... I had to help her
Brennan: That's because she's about to give birth
Jayden: I hope that maybe soon they will be possible to have a child without being pregnant. Yes! And she's suffering
Brennan: Any I'm sorry for feeding you with my bullshit
Jayden: While a man is doing his normal stuff. U mean the conversation?
Brennan: I hope you find a guy that can give you the sex you want and not get pregnant
Jayden: Would be awesome
Brennan: I'm gonna go to sleep now. Good night
Jayden: I said I don't want to have any children now! Maybe in the future when I have a good job, I'm financially independent. Good night",Jayden explains Brennan why she doesn't want to be pregnant.,"I'm not sure if this is a good thing or a bad thing, but I think it's a good idea.

If you're going to do this, you need to do it right. If you don't do this right, you're not doing it right, and you're doing it wrong."
"Aggie: When do you start work?
Peter: at 8 
Peter: why?
Aggie: no when do you start the new job?
Peter: oh on the 6th
Aggie: Ok I'll get a babysitter then
Peter: lol wanted a free babysitter
Aggie: yeah sorry :P",Peter starts his new job on the 6th. Peter wanted a free babysitter. Aggie will arrange for a babysitter.,"""I don't think it's going to happen,"" he said. ""I think we're going to have to wait and see what happens.""

He added: ""We're not going to be able to do anything about it. We're just going to do what we have to do.

"""
"Jill: So bored!
Nate: Well... can't help you there
Nate: Still at work
Jill: ugh I need to find a job
Jill: I've watched everything on youtube already
Nate: Doubt it :P I'll call you when I get off work",Jill is bored and has watched YouTube. Nate is at work and will call Jill when he finishes it.,"""I don't know what to say,"" he said. ""I'm not sure what to do. I don't think I'm going to be able to do it. I'm not going to do this.""

He added: ""I think it's going to take a long time. I think it"
"Damian: are you downtown?
Ethan: yes
Ethan: why?
Damian: can you buy me a kebab?
Damian: i'm starving
Ethan: why won't you cook something for both of us, huh?
Damian: man, give me a break, i had a rough day
Ethan: ok ok
Ethan: but i really wish you weren't such a parasite
Damian: i'll change, scout's honour",Ethan will buy Damian a kebab. Damian had a bad day.,"""I don't think it's going to happen,"" he said. ""I think we're going to have to wait and see what happens.""

He added: ""We're not going to be able to do anything about it. We've got to do what we have to do."""
"Amelia: What is your favourite colour?
Emily: Blue, why?
Amelia: I can't tell you
Emily: A surprise? =)
Amelia: Sort of... Can't tell you anything more
Amelia: Sorry 
Emily: I'm super curious",Emily's favorite color is blue. Amelia can't talk about the reason behind her question with Emily.,"""I think it's important for us to do something about it,"" he said.

""It's important to us to have a conversation about it.""

Topics: government-and-politics, federal-government, australia, united-states

First posted"
"Josh: Stephen, I think you've accidentaly taken my notebook home
Stephen: wait lemme check
Stephen: nope, I don't see it anywhere
Jack: oh shit, I've got it xDDD I don't even know why
Josh: xDDD ok, no problem, cool I know where it is
Jack: I'll bring it tomorow",Josh thinks Stephen accidentally took his notebook. Jack has it and will bring it tomorrow.,"""I think it's important for us to be able to do that,"" he said. ""I think we're going to have to do a lot of things to make sure that we're doing that."""
"Maddie: I'm in Asda, do you need anything?
John: could do with a white bread and some apples 
Maddie: ok. Gala?
John: yes please ta",Maddie will buy a white bread and apples on John's request.,"""I think it's important for us to be able to do that,"" he said. ""I think that's what we need to do.""

He said he would like to see the Legislature pass a bill that would make it easier for people to get health insurance.

""We need to make sure"
"Corbin: Is this the department in charge of school violence?
Dimitri: Yes, it is.
Corbin: I want to report school violence in our school.
Dimitri: Okay. What school are you in?
Corbin: Jungang high school. The student who is victim of the violence is my friend.
Corbin: They are not hitting him any more. But you should help my friend.
Corbin: If they notice I was the one who reported, they will hit me as well.
Dimitri: First, calm down. Give us your phone number. You will be safe.
Corbin: 486-984-324 It is.
Dimitri: Don’t worry. I will call you now, ok?",Corbin reported to the department in charge of school violence that his friend has been beaten.,"""I don't know what to say,"" he said. ""I'm not sure what to do. I don't think I'm going to be able to do this. I'm not going to do that.""

""I think I've got a lot of work to do,"" he added."
"Charlee: I'm in class. Theatre in Portuguese lol
Curtis: Realllly?
Charlee: Yes. One of my subjects at the university that I attend is portuguese theatre. We are preparing a performance
Curtis: What performance is this? Are you devising it?
Charlee: A polish one translated into portuguese
Curtis: Thats quite cool. Who is the writer?
Charlee: Mrożek",Charlee is attending Portuguese theater as a subject at university. He and other students are preparing a play by Mrożek translated into Portuguese.,"""I don't know what to say to that,"" he said. ""I'm not sure what to do. I don't think I'm going to be able to do it. I'm not going to do anything. I just want to get out there and do what I can to help this team win."""
"Phil: Hi. Are you home?
Nancy: Yes. Where are you?
Phil: Still in the shop. 
Nancy: What are you doing there? 
Phil: There are such crowds. Everywhere.
Nancy: Really?
Phil: First, I couldn't find any parking place. Now I'm standing in a gigantic queue.
Nancy: Have you got everything?
Phil: I think so.
Nancy: Oh, I'm sorry. I know you hate it before X-mas.
Phil: Will you make an apple pie? Please? I was passing by a cafe and thought of that immediately. My mouth is watering when I think of that smell.
Nancy: Sure, honey. Of course I will.
Phil: Wonderful! I think I'll be home in an hour.
Nancy: Ok. Waiting for you :-) I've got everything I need for the pie, so it will be in the oven when you arrive :-)
Phil: Thanks, babe! :-*
Nancy: :-*",It took Phil a very long time to do the Christmas shopping but he probably managed to get everything. He will be home in an hour. Phil's apple pie will be in the oven when he arrives.,"""I think it's important for us to be able to do that,"" he said. ""I think that's what we're trying to do. I think we're going to do it.""

He added: ""We've got a lot of work ahead of us. We've got to make sure we"
"Laura: Where are you?
Paul: Almost there.
Laura: Which is?
Paul: Close to the Mac.
Laura: That's so far away!
Paul: 15 mins
Laura: I am not waiting any more, see you some other time.
Paul: Please, wait!
Laura: I've waited 30 minutes, 15 minutes ago you wrote you were almost here. This is too much.
Paul: I am so sorry.
Laura: I am not.",Paul is late for a meeting with Laura and she refuses to wait any longer.,"""I don't know what to say about it,"" he said. ""I'm not sure what to think about it. I don't think it's a good idea.""

He added: ""I think it would be nice to have a little bit more freedom to do what we want to do."""
"Lisa: Is it safe?
Mary: Don't worry. Aquarium is kept in a safe place.
Sarah: He will enjoy it for sure.
Lisa: He was asking for it for ages.
Mary: True, now he is old enough to have it
Sarah: How do we transport that?
Mary: Easy sister, Frank will help us.
Lisa: That's great!
Sarah: I can't wait to see his face.
Lisa: Me too!
Mary: Good teamwork you all.
Sarah: Okay, I will call you later
Lisa: See you",Frank will help Sarah and Mary transport the aquarium that is a gift for someone.,"""I don't know what to say,"" he said. ""I'm not sure what to do. I don't think I'm going to be able to do it.""

He added: ""I think it's going to take a lot of time. I think it will take a long time."""
"Eric: MACHINE!
Rob: That's so gr8!
Eric: I know! And shows how Americans see Russian ;)
Rob: And it's really funny!
Eric: I know! I especially like the train part!
Rob: Hahaha! No one talks to the machine like that!
Eric: Is this his only stand-up?
Rob: Idk. I'll check.
Eric: Sure.
Rob: Turns out no! There are some of his stand-ups on youtube.
Eric: Gr8! I'll watch them now!
Rob: Me too!
Eric: MACHINE!
Rob: MACHINE!
Eric: TTYL?
Rob: Sure :)",Eric and Rob are going to watch a stand-up on youtube.,"""I don't know what to say to that,"" he said. ""I'm not sure what to do. I don't think I'm going to be able to do it. I'm not going to do that.""

He added: ""I think it's going to take some time. I think"
"Inez: My dears, our evening inspired me to create this group conversation to plan further Food Evenings :)
Inez: This is my proposal for the next one: <file_photo>
Alicja: Wow, I will actually feel happy going to work thanks to this :D
Gosia: Happy going to work and even happier leaving it haha
Alicja: Just too bad that the time between 9 and 17 will be wasted :P
Patrycja: I really liked our evening, even the pizza was delicious :) How did you girls like it?
Inez: I loved it, Gosia really chose a great place :)
Gosia: I am an expert at eating :D
Alicja: Have you been to this restaurant Inez sent?
Gosia: No, it is quite new. But I heard good opinions! :D
Patrycja: And it fits with our theme of exploring world cuisines :)
Alicja: First Italy, now Korea! :D
Inez: So when could we do this again?
Gosia: I am not sure, but we have to before the holidays!
Patrycja: We should have less work in two weeks, we could go again on Wednesday?
Alicja: Sounds good to me!
Inez: Me too :D",Patrycja and Inez enjoyed the Italian evening. Gosia chose a great place. Alicja hasn't been to the new restaurant. They all want a Korean evening on Wednesday in two weeks time.,"""I think it's important for us to be able to do that,"" he said. ""I think we're going to have to do a lot of things to make sure we do that.""

He added: ""We're not going to be in a position where we can't do that. We're"
"Holt: ladies, an important question. what to get my sis for bday?
Darla: how old?
Holt: 21
Olive: can't be too personal
Treena: cosmetics maybe?
Zula: i'd get her DVDs or book series. always works
Holt: you might be right. set of DVDs and some cosmetics?
Olive: we'd all be happy i guess if you know what she likes","Holt asks his girlfriends some advice on a present for his sister on her 21st birthday. Treena recommends cosmetics, whereas Zula suggests DVDs or book series.","""I think it's important for us to do something about it,"" he said. ""I think we need to do a lot of things. We need to make sure that we're doing everything we can to prevent this from happening again.""

He added: ""We need to be very clear about what we"
"Shaldona: WE ARE GONNA GET MARRIED ❤️❤️
Shaldona: <file_others>
Shaldona: This is our mobile inviation for our wedding.
Shaldona: Invitation*
Piper: Hey. You haven’t sent me any messages for a few years.
Piper: And now you are sending me your wedding invitation 
Piper: THROUGH MESSENGER?
Shaldona: .....
Shaldona: Well..
Shaldona: I had no enough time to meet everybody and give this in person.
Shaldona: Hope you understand.
Piper: If you don't have time to give the invitation card in person but expect people go to your wedding
Piper: Shaldona, if so, you are too greedy.","Shaldona sends mobile invitations to her wedding, as she has no time to give them in person.","""I think it's important for us to be able to do that,"" he said. ""I think we're going to have to do a lot of things to make sure we do that.""

He added: ""We're not going to be in a position where we can't do things. We're"
"Hannah: Are you watching the game?
James: No I am head to work : ( 
Hannah: Oh okay",James is heading to work so he's not watching the game.,"""I think it's important for us to do what we can to make sure that we're doing the right thing,"" he said. ""We're not going to be able to do that. We're going to have to do a lot more.""

He added: ""We need to do more. We"
"Martin: I won two cinema tickets!
Aggie: oh cool, how come?
Martin: online. on fb, the movie mag organized it
Aggie: so what did you do
Martin: just write a short review and that's it
Aggie: well done :) so what and when. and where?
Martin: the new film with Redford
Aggie: i guess i heard sth
Martin: it's pretty cool i heard. till the end of the week
Aggie: sounds good. we'll find time XD",Martin wrote a short review and won 2 cinema tickets on FB. Martin wants Aggie to go with him this week for the new film with Redford.,"""I don't know what to say to that,"" he said. ""I'm not sure what to do. I don't think I'm going to be able to do it. I'm not going to do anything. I just want to go out there and do it.""

He added: ""I"
"Gary: Hey, don't forget about Tom's bday party!
Lara: I won't! What time should I show up?
Gary: Around 5 pm. He's supposed to be back home at 5:30, so we'll have just enough time to prep things up.
Lara: You're such a great boyfriend. He will be so happy!
Gary: Yep, I am :)
Lara: So I'll just pick up the cake and get the balloons...
Gary: Thanks, you're so helpful. I've already paid for the cake.
Lara: No problem, see you at 5 pm!
Gary: See you!",It's Tom's birthday. Lara and Gary will come to Tom's place about 5 pm to prepare everything before Tom gets back home at 5:30. Gary has already paid for the cake - Lara will pick it up and she will also get the balloons.,"""I don't know what to say,"" he said. ""I'm not sure what to do. I don't think I'm going to be able to do it.""

He added: ""I think it's going to take some time. I think it will take a lot of time. But I"
"Tina: Hi, darling? Are you ok?
Steve: Hi, babe. I'm fine. You?
Tina: OK :-) Love you :-*
Steve: Love you, too.
Tina: How about pasta for dinner?
Steve: Sounds great!
Tina: With broccoli, ham, cheese and cream?
Steve: Scrumptious. 
Tina: Your favourite.
Steve: Indeed.
Tina: But there is a snag.
Steve: Too perfect to be true?
Tina: It's not about that. We'd need to do some shopping after work.Can you handle it yourself?
Steve: Can we handle it together? You know how scatterbrained I am when it comes to shopping lists.
Tina: I do know!
Steve: Together?
Tina: Fine. Will you be leaving work on time?
Steve: Guess so. I don't expect any problems.
Tina: Ok. Let's meet in the car park, shall we? 
Steve: Sure. 
Tina: Miss you :-*
Steve: Miss you, too :-*
Tina: See you later :-)",Tina and Steve are having pasta for dinner. They'll meet in the car park after Steve finishes work. They'll do the shopping together.,"""I think it's important for us to be able to do that,"" he said. ""I think we're going to have to do a lot of things to make sure that we're doing those things."""
"Ursula: Haha I got a 93 on my French exam
Bob: Well done girl!
Jana: Wow 
Jana: How did u manage to do that
Ursula: I just studied hard for it
Jana: omg
Jana: French is so hard 
Vaughn: I got a 65
Vaughn: I didn't study for it haha
Ursula: At least you passed
Vaughn: Congrats!","Ursula got 93 on her French exam. Vaughn got 65, but still passed.","""I don't know what to say to that,"" he said. ""I'm not sure what to do. I don't think I'm going to be able to do it. I'm not going to do that.""

He added: ""I think it's going to take some time. I think"
"David: Hi victor how are you?
Victor: i am fine thanks, what about you?
David: very well thanks, i heard you have taken over Chris's company? is that true?
Victor: Yes he was under huge debt, but he is still working as Director
David: That is good, your running company at its old premises?
Victor: No i sold off the office and accommodated them in my office, you know there is a lot of free space.
David: yes i know. thats good to hear i was worried about Chris but really appreciate what you are doing.
Victor: he was not willing to get help so i thought to do it this way.. and he can own it back anytime he wants
David: God bless you
Victor: Thanks, hows your business?
David: its good but not too much work these days..
Victor: yes market is very slow..
David: yes expecting it to get better by the end of the year.
Victor: really? we can hope for the best
David: yes.","Victor took over Chris's company, which was under a huge debt. He sold the office and did some changes but Chris still works there as Director. David's business goes very slow but he expects it to get better by the end of the year.","I'm not sure if this is a good thing or a bad thing, but I think it's a good idea.

I think it would be nice to have a system that would allow people to have access to all of the information they need to make informed decisions about their lives. I think that would be"
"Avril: Hi!
Avril: Have you got plans for the weekend?
Frank: Hello, no, I don't. 
Frank: I mean I have some things to do, but nothing special. 
Avril: Do you like mushroom picking?
Frank: U serious?
Avril: :D :D :D
Avril: Of course not! ^^
Avril: But i'm going to see horse racing. U comin'?
Frank: Now, u r talking!
Frank: Sure I'll come with u!",Frank will join Avril at the races at the weekend.,"""I think it's important for us to make sure that we're doing everything we can to ensure that we have the best possible service for our customers,"" he said.

He added: ""We're going to continue to work with our partners to ensure we're providing the best service to our customers."""
"Harry: heyyyy are you there??
Cindy: Yes dear what is it?
Harry: Can you call Ela and tell her i need to talk urgent please pick my call.
Cindy: what happened now? an other fight :O
Harry: please tell her
Cindy: MAN! you guys... am i some kind of a messenger service here?
Harry: PLEASEEEEEEEEE ?
Cindy: ok doing.... but thats the last time.
Harry: Yes like always:P
Cindy: Hate you seriously man.
Harry: Thank you
Cindy: Done you can call her now.",Ela is not taking Harry's phone calls. Cindy calls Ela at Harry's request.,"I'm not sure if this is a good thing or a bad thing, but I think it's a good idea.

I think it would be nice to have a system that allows you to do things that you don't want to do, but you can't do without it. I don't know if"
"Leah: <fIie_others>
Kristi: What is this?(?_?)
Leah: If you go to this link, you can get 20% discount coupon <3<3<3
Kristi: What coupon is this? (＠_＠;)
Leah: All the items on this online shop. 
Leah: Havent you talked to me that you needed new trainers?
Kristi: You remembered! Yes I did! (*^0^*)
Leah: I have a favor as well_(._.)_
Leah: Put my ID onto the reference code. “Direndia45”∩(·ω·)∩
Kristi: What can you get if I do that?
Leah: I will get some accumulated money for the shopping next time.(*_*)(*_*)(*_*)
Kristi: Alright. (^.^)
Kristi: You smart consumer! (^_-)-☆(^_-)-☆",Kristi needs new trainers. Leah has a link for a discount coupon at an online store.,"""I think it's important for us to be able to do that,"" he said.

""We have a lot of work to do. We have to do it in a way that makes sense to the community.""

Topics: law-crime-and-justice, crime, australia"
"Jeff: Do you know guys anything about the agreement?
Vladimir: the most important is that they decided it's neither a sea nor a lake
Vladimir: so it will have a special legal status
Tanya: and they will completely divide the seabed up
Jeff: sure, it's rich in resources
Donald: yeah, mostly gas and oil
Vladimir: and ""between 80-90% of the world's caviar is sourced from the Caspian""!!!
Jeff: hahaha, right!","In the agreement it was decided that it's neither a sea nor a lake and it will have a special legal status. They will also completely divide the seabed up. It's rich in resources, mostly gas and oil.","I'm not sure if this is a good thing or a bad thing, but I think it's a good idea.

If you're reading this, you're probably reading this because you're a fan of the show. If you're not a fan, you probably don't care about the show at all"
"Tony: <photo_file>
Amy: Sweet little cat <3
Lucas: Adorable!!",Tony sent a photo of his cat to Amy and Lucas.,"""We're not going to be able to do anything about it,"" he said. ""We're going to have to do something about it.""

He added: ""It's going to take a long time for us to figure out what's going on. It's not something that we can do."""
"Milena: How was the presentation?
Kate: very good
Regina: yes, we had a good feedback
Milena: how many people came to listen to you?
Regina: 3 but we new it will be very cosy, friendly thing
Milena: sometimes a small but interested audience is better than random bored people
Kate: exactly","Kate, Milena and Regina's presentation went well. Three people came to listen to them.","""I don't know what to say to that,"" he said. ""I'm not sure what to do. I don't think I'm going to be able to do it.""

He added: ""I think it's going to take some time. I think it will take a lot of time."
"Jair: Still busy?
Callum: Yes a little sorry
Jair: ok",Callum is still busy.,"""I think it's important for us to do something about it,"" he said. ""I think we need to look at it in a different way.""

He added: ""We need to take a look at what's going on in the world. We need to think about what's happening in our own"
"Maria: Who's gonna be at IMF lecture tomorrow? We can discuss all remaining questions after and do the calculations?
Alexander: I don't attend that class, but it is fine by me to meet
Sarah: I will not be there, sorry. I am working
Martha: So when? We are due on Monday
Martha: That doesn't leave many options
Alexander: On Saturday I already have to meet for another presentation, so my option is Friday afternoon or tomorrow
Sarah: Tomorrow and on Friday I am available from 5pm, during the weekend for the whole day
Lawrence: I am meet after class anytime or make time over the weekend if needed
Sarah: So can we meet tomorrow evening? 17:15?
Alexander: It is fine by me
Lawrence: I will be late, but you can start without me","Maria suggests to meet after the IMF lecture to discuss the presentation which is due on Monday. Maria, Alexander, Martha and Sarah will meet tomorrow at 17:15. Lawrence will be late.","""I don't know what to say about it,"" he said. ""I'm not sure what to think about it. I don't think it's going to be good. I think it will be bad.""

He added: ""I think we're going to have to wait and see what happens."
"Malik: have you heard of that paleo diet?
Malik: i need to lose some weight and i really want to try it
Samantha: i've heard of it but i've also heard about the keto diet
Samantha: AAAAANNNDDDD... i also need to lose weight lol
Malik: what are you talking about?!? lol
Malik: you're so skinny
Samantha: whatever :-)
Malik: should we try one of those together?
Malik: it's always easier when someone's doing it with you
Samantha: YES!!!!
Malik: we can also go for runs together like we used to :-D
Samantha: let's do it!! i'm so pumped!
Malik: so paleo or keto?
Samantha: what's the difference?
Malik: i think they're practically the same, but you can't have dairy on paleo
Samantha: can you have dairy on keto?
Malik: i think you can, i'm no sure though
Samantha: ok let me go online and read more about this
Samantha: and i'll text you back later with more info
Malik: ok
Malik: are you excited??
Samantha: i really am!!!!!!!!! :-D","Malik and Samanta want to lose weight. They will try to keep a diet, keto or paleo, and go for runs together.","I'm not sure if this is a good thing or a bad thing, but I think it's a good idea.

I think it would be nice to have a system that allows you to do things that you don't want to do, and that you can do in a way that makes it easier for"
"Natalie: can you send me the recipe for your famous cheesecake, please?
Monica: Sure, just a sec
Monica: <file_photo>
Natalie: Thank you, yummmmmmie <3",Natalie wants Monica's cheesecake recipe.,"""I don't think it's going to happen,"" he said. ""I think it will happen. I don't know what it will be, but I think we're going to have to wait and see.""

He added: ""We're not going to be able to do anything about it."""
"Jim: Hello, welcome to the store, how can I help you
Finn: Hello could you help me track my shippment?
Jim: yes, can you please tell me your order number
Finn: It's 45678
Jim: Thank you, from what I can see your package has left the warehouse and will be delivered to you tommorrow",Jim tracks Finn's package number 45678 which will be delivered to him tomorrow.,"I'm not sure if this is a good thing or a bad thing, but I think it's a good idea.

I think it would be nice to see a lot more of this, but it's not going to happen anytime soon. It's going to take a while for it to happen."
"Janet: I am ashamed. Who voted for this pussy? It's your fault.
Alison: Remember the Wizard of Oz? He might have melted.
Nicole: He’s a sissy boy.
Cheryl: RAIN omfg thats so shameful and disrespectful 😡
Buff: Pussy in Chief.
Linda: Trump is selfish and inconsiderate.
Janet: What an embarrassment to our nation and the world!!!
Roz: Where is Elsie? I miss you vomit 😊
Cheryl: WTF EVER trumpola didnt want to mess up his pity full comb over.....
Janet: Trump = snowflake
Linda: Baby. He’s a spoiled brat baby. Nothing about Donald Trump to be proud of or want to defend.
Arlene: HIs hair and makeup would have been ruined!
Roz: Exactly 😊
Leslie: Which adviser, who he doesn't listen to anyway, thought missing this ceremony was a good idea? Shameful!
Eric: What a pussy. We should grab him and kick him to the curb.
Sue: All the other leaders managed to make it, so there is no excuse, for me.
Roz: It's all about the hair.
Sue: afraid the colour of his orange hair would run????
Linda: Never heard of an umbrella :)","Janet, Nicole, Alison, Arlene, Leslie, Ros, Eric and Sue are all complaining about Donald Trump and his absence at the ceremony.","""I think it's important for us to be able to do that,"" he said. ""I think that's what we're going to have to do.""

He added: ""We've got to make sure that we're doing things that are right for the community. We've got a lot of work"
"Lincoln: I think I've broken your toilet seat. :(
Lincoln: I'm so sorry, I'll buy and install a new one.
Hudson: Can't it be fixed?
Hudson: Send me a pic.
Lincoln: <file_photo>
Hudson: Hmm, it seems like you've broken a hinge.
Hudson: I'll try to replace it with a new one and I'll let you know, if it works, ok?
Lincoln: Ok. I'm so sorry. :(
Lincoln: Are you mad at me?
Hudson: No, of course I'm not. You know: shit happens. ;) 
Lincoln: Then maybe at least I'll buy this new hinge?
Hudson: It literally costs pennies.
Hudson: Really, don't worry about this, it's not a big deal. ;)
Lincoln: :)",Lincoln has broken Hudson's toilet seat. Hudson will replace a hinge. Lincoln doesn't have to repay Hudson.,"""I think it's important for us to be able to do that,"" he said. ""I think that's what we're trying to do. I think we're going to get better at it.""

He added: ""We've got a lot of work ahead of us. We've got to get"
"Julia: I mean I like my Instagram. And my Snapchat. Oh and Twitter. And sometimes Facebook.
Gail: So do I. But this doesn't mean I'm addicted. 
Julia: Neither am I. I like looking at photos of my friends and sharing stuff with them. And I think they like it when I post stuff.
Gail: I certainly do. And I like to spy on ppl :)
Julia: Rly?
Gail: Yeah! It's a lot of fun! Like I was spying on Em and turns out she's into some guy from work ;)
Julia: Rly? Intriguing.
Gail: I know! :) and Jessica is thinking about going on diet.
Julia: Wasn't she on one already?
Gail: Nah. Whenever she posts a lot of fitness-related stuff, she's just thinking about, but doing nothing rly. 
Julia: I always thought she was training day and night!
Gail: Nah. That's just how she is. The more she posts, the less she does. Like she had a phase for animal shelters. Remember?
Julia: Yeah. She just wouldn't shut up about it. She posted every single thing she could find on the subject!
Gail: Right. And turned out that was everything she did. Never visited one. Never donated a dime. Never did anything.
Julia: And all the time I thought she was so active and pro-active and charitable. She had me fooled ;)
Gail: U see? Spying on ppl is fun :)
Julia: Speaking of which, did u spy on me?
Gail: No, y would I?
Julia: It's fun?
Gail: Oh no! Don't get me wrong! We talk all the time, so no need to spy on u ;)
Julia: Gr8.
Gail: Besides ur pretty straightforward.
Julia: What do u mean?
Gail: When ur eating, u post food. When ur training, u post fitness materials or photos. When ur relaxing, u post a bunch of stuff.
Julia: I know :) that's y ppl like what I do, 'caus I genuine :)
Gail: Yeah...
Julia: What's that supposed to mean?
Gail: Hillary thinks u overdo it and have no life in real life.
Julia: That bitch!
Gail: I know!",Jessica posts a lot regarding subjects she does nothing about in reality. Julia posts in a more genuine way. But Hillary thinks she does it to death and lacks real life.,"""I don't know what to say to that,"" he said. ""I'm not sure what to do. I don't think I'm going to be able to do it. I'm not going to do that.""

He added: ""I think it's going to take some time. I think"
"Oli: Theres a car accident 
Katie: Where? 
Oli: On circle drive
Oli: I tried to get to the Circle Mall 
Katie: Oh no 
Pavel: Its on the news now 
Pavel: Theres no deaths 
Katie: Thank god 👼","There has been an accident on Circle Drive, neat Circle Mall. There are no fatalities.","""I think it's important for us to make sure that we're doing everything we can to ensure that we have the best possible customer experience for our customers,"" he said.

He added: ""We're going to continue to work with our partners to ensure our customers are getting the best experience possible."""
"Jeff: Should we go to the village party?
Lia: I'm too tired after hiking
Mico: I'd like to go, there may be some hot boys!
Lia: I doubt
Jim: like a real village boy?
Jim: who doesn't even speak English?
Mico: yes, the dummer, the better
Jim: haha, stupid fucks good, they say
Mico: I confirm!
Lia: not my cup of tea
Mico: I'll go there, who wants to join?
Jeff: I'll go as well
Mico: wanna drive?
Jeff: so you could drink?
Mico: would be nice, hahah
Jeff: not excited, but ok
Mico: thanks!",Mico and Jeff will go to the village party. Jeff will drive.,"""I don't think it's going to happen,"" he said. ""I think it will happen. I don't know what it will be, but I think we're going to see a lot more of it.""

He added: ""It's not going to be easy. It's not easy to"
"Finn: Hey
Zadie: Hi there! What's up?
Finn: All fine. You? 
Zadie: Not bad, thanks 
Finn: Look, I was thinking of going to this neighborhood called Elephant and Castle tomorrow, it's apparently full of Latin American stuff. Fancy joining? 
Zadie: Sure! But what's ""stuff""? 😂
Finn: lol So apparently it's a place were random people from ""Latin America"" (meaning fuck knows which countries) started running small businesses and restaurant, and a nice little community was formed
Zadie: Oh cool 
Finn: Then capitalism came and it's all going to be demolished soon, so it's like the last chance to go
Zadie: What a shame :( Yeah, I haven't had Latin American 😂 food for ages so I'm totally up for it
Finn: Can't wait to taste this cuisine of unspecified Latino origin lol
Zadie: 😂😂😂
Finn: But we can specify time and place if and only if you wish 
Zadie: I might be tempted to lol I'd say early evening, 2-ish?
Finn: Yeah, that's fine by me. So most of the places we want to visit are in this Elephant and Castle shopping centre. Shall I see you at the main entrance, wherever that is 
Zadie: 2 o'clock at unspecified main entrance then? Sounds good to mw
Finn: Yer
Zadie: Cool, see you there! And thanks so much for remembering about me 💜💜💜
Finn: Thanks for saying yes to such an ill-defined plan lmao 
Zadie: Ha ha You know I love those
Finn: See you tomorrow then 
Zadie: Yep Call me if you get lost
Finn: I will I will 🤙 byeeee 
Zadie: Toodles",Finn and Zadie are going to Elephant and Castle tomorrow at 2. They will meet at the main entrance.,"I'm not sure if this is a good thing or a bad thing, but I think it's a good idea.

If you're not sure what you're talking about, here are some things you should know:

1. If you're going to do something, you have to do it."
"Lisa: I have to clean the house.
Bob: Yes, it's very dirty.
Lisa: You can help me.
Bob: Why me?
Lisa: Because you helped make it dirty.
Bob: What do you want me to do?
Lisa: I want you to clean the bathroom.
Bob: Oh, that's easy.
Lisa: Clean the sink, the tub, the counter, and the toilet.
Bob: That's a lot of work.
Lisa: Tell me when you finish.
Bob: I don't think so. You'll just give me more work.","Bob is going to help Lisa clean the house, he will clean the bathroom.","""I think it's important for us to be able to do that,"" he said. ""I think that's what we're trying to do.""

He added: ""It's important to us that we have the resources to do what we need to do. I think we're going to do it."""
"Mario: I’ve landed in every airport in Europe today - completely whacked out dude.
Klara: Where are you now?
Mario: Waiting in Luxembourg now.
Eddie: Have fun dude.
Moe: Only because you love flying so much 😉
Mario: weather was good for flying everywhere 🙂 Otherwise it would have been trains everywhere 🙂
Moe: Mario be safe bro
Mario: You too bro 🙂",Mario is waiting on the airport in Luxemburg now.,"""I don't know what to say to that,"" he said. ""I'm not sure what to do. I don't think I'm going to be able to do it. I'm not going to do that.""

He added: ""I think it's going to take some time. I think"
"Violet: hi! :)
Violet: do you know any good waxing salon in the neighbourhood?
Violet: i'm going on vacation and i'm as hairy as a gorilla :o XD
Paisley: waxing? wow, girl, you're brave :p
Paisley: i've been in a waxing salon once and i'm not going back
Paisley: waxing is painful af
Violet: was it that bad?
Paisley: leg waxing was ok-ish, but bikini... jesus
Paisley: i was bleeding so fckin hard
Paisley: blood was EVERYWHERE
Violet: !!!
Violet: i was going to get brazilian waxing, but now i'm scared
Paisley: that's extreme :o
Paisley: if i were you, i'd start from leg waxing or sugaring
Paisley: but why won't you just shave down there?
Paisley: ingrown hairs?
Violet: yup
Violet: i use scrubs and moisturize my skin almost every day but it's still bad
Violet: i mean REALLY BAD, i look like a freaking chicken with all these razor bumps
Paisley: try shaving with the grain
Paisley: it helped with my ingrows
Violet: i've tried everything
Violet: i just need to man up and make an appointment
Paisley: good luck, then ;)
Violet: thanks",Violet will make an appointment at a waxing salon. Home methods don't work for her.,"""I think it's important for us to be able to do that,"" he said. ""I think that's what we're trying to do.""

He added: ""It's important to us to make sure that we're doing things that are right for our community.

""We've got to"
"Joshua: Hi sister, when will you be arriving
Sarah: i will reach New York this coming Thursday.
Joshua: That's great. See you then.. I will be waiting for my gift
Sarah: yeah sure.. hahaha",Sarah will arrive to New York on Thursday. Joshua expects to get a gift.,"""I don't know what to say about it,"" he said. ""I'm not sure what to think about it. I don't think it's a good thing. I think it is a bad thing.""

He added: ""I think it would be nice if we could do something about it."""
"Mark: So, we've got our where and when. Package tour or self-organised?
Anna: Package. More convenient.
George: Self-organised. Cheaper.
Julia: Do we need a 5* hotel? MAybe let's choose one of the cheaper options from a tour operator?
Mark: Actually, not a bad idea. That'll be both cheap and convenient.
Anna: I'm in!
George: So, let's start digging and we'll talk about it l8r?
Mark: SLAP
Julia: Ok. But maybe let's divide ourselves so that we don't check the same websites?
George: Ur right!
Anna: Sure. XOXOXOX
Mark: Let's do this asap!",They are going to do some research on holiday options and discuss them later. They will most likely choose a cheap offer from a tour operator.,"""I don't know what to say to that,"" he said. ""I'm not sure what to think about it. I don't think it's a good thing. I think it is a bad thing.""

He added: ""I think we're going to have to do something about it."""
"Ernest: hey Mike, did you park your car on our street?
Mike: no, took it into garage today
Ernest: ok good
Mike: why?
Ernest: someone just crashed into a red honda looking just like yours
Mike: lol lucky me",Mike took his car into garage today. Ernest is relieved as someone had just crashed into a red Honda which looks like Mike's.,"""I think it's important for us to do something about it,"" he said.

""It's important that we do something. It's important to us. We need to do it.""

Topics: law-crime-and-justice, crime, australia

First posted"
"Bennett: i'm in town!! let's meet!!!
Cynthia: YES! i'd love that
Bennett: our usual place?
Cynthia: no, actually, i'd like us to go to this new bistro i discovered
Bennett: i'm intrigued, what's so special about it?
Cynthia: it's super hipster, super cool
Cynthia: people bring their dogs and everything
Bennett: ok, as long as it's hygienic i'm fine
Cynthia: it's clean cool and their food is delicious
Bennett: ok, i can't wait",Cynthia and Bennett will go to a new bistro she discovered.,"""I think it's important for us to be able to do that,"" he said. ""I think that's what we're trying to do.""

He added: ""It's important to us to make sure that we're doing things that are right for our community. And I think that is what we"
"Piper: When is the payment expected?
Bryan: I have asked my manager to send the payment
Piper: When would he send it to me?
Bryan: He will send you tonight
Piper: I would be waiting
Bryan: Sure, Client liked your work
Piper: Hope to work with you long term",Piper will get paid tonight. Client liked Piper's work and wants to work with her on a long-term basis.,"""I don't know what to say to that,"" he said. ""I'm not sure what to do. I don't think I'm going to be able to do it. I'm not going to do anything. I just want to get out there and do what I can.""

He said he"
"Linda: hey have we decided on a lunch place yet?
Ronnie: thought we were going for sushi
Linda: Karen said she hates raw fish or something
Karen: nah I'm ok with sushi, just thought we would go for smth cheaper this time ;p 
Karen: hard times are a-coming xd
Ronnie: been craving sushi all week long :( but i sooo get, K, maybe we should dial it down with the fancy places
Linda: hey there is this pasta joint right next to our apartement
Linda: you get it in like takeout boxes. we could take these out to the park
Ronnie: so down with that!
Karen: same here! let's wait for Amanda tho
Linda: @Amanda are you ok with pasta for lunch?
Ronnie: let's hope she checks her fb this time haha
Amanda: hey guys, yes! whatever works for me :)","Karen wants something cheaper than sushi for lunch. Linda, Ronnie and Karen will get takeout pasta boxes to the park.","I'm not sure if this is a good thing or a bad thing, but I think it's a good idea.

If you're going to do this, you need to do it right. If you don't do this right, you're not doing it right, and you're doing it wrong."
"Whitney: What will be for dinner?
William: Spaghetti alla vongole
Whitney: What's this vongole? Never seen this word
William: It's in Italian
Whitney: What does it mean?
William: Clams, it's a kind of seashells, seafood
Whitney: Oho, ambitious, how are you going to do that?
William: First I will cook pasta
Whitney: quite obvious, this is spagghetti alla vontale
William: Alla vongole. Afterwards I make garlic golden, add wine and then clams
Whitney: Gonna get drunk :))
William: Very funny. I wait as clams open, and I'll add pasta
Whitney: Sounds delicious, I am mouth watering!","William is making spaghetti alla vongole for dinner. It's an Italian dish and it involves pasta, garlic, wine and clams.","""I think it's important for us to be able to do that,"" he said. ""I think that's what we're trying to do.""

He added: ""We've got a lot of work ahead of us. We've got to make sure that we're doing it right.

"""
"Louis: did you see all the people outside the book shop today?
Louis: it was insane!!!
Sara: YES!!!
Sara: i saw a hugeeeeeeee crowd
Sara: do you know what was going on?
Louis: my friend told me this writer, this new writer...
Louis: i can't remember his name...
Louis: the one that writes about vampires
Sara: dante kyle?
Louis: no, the other one
Sara: cole grant?
Louis: YES!! my friends told me he was there signing copies of his books
Sara: no big loss then
Sara: i'm not a fan of his","There was a crowd outside the bookshop today. Cole Grant, who writes about vampires, was allegedly in the bookshop signing his books.","""I don't know what to say,"" he said. ""I'm not sure what to do. I don't think I'm going to be able to do it.""

He added: ""I think it's going to take a long time. I think it will take a very long time."""
"Cole: hey roomie XD XD
Luis: dude we are in the SAME DAMN ROOM
Cole: its funny XD
Luis: -_-
Cole: pass me my pillow xD
Luis: not until you say it to my face
Cole: dude cmon 
Luis: ...
Cole: oh youre not gonna talk to your roommate now
Luis: im not gonna text an idiot whos practically sitting just a few inches from me -_-
Cole: xD",Cole and Luis are sitting in the same room and yet they're texting each other.,"""I don't know if I'm going to be able to do it,"" he said. ""I'm not sure if I can do it. I don't think I can.""

He added: ""I think it's going to take some time. I think it will take a lot of time."
"Daniel: I'm packing for the trip, are you done with it?
Michael: Mostly done, don't forget your passport!
Matt: is an ID not enough?
Michael: sure not!
Brian: why?
Michael: Bosnia and Herzegovina is not in the EU, so we will have a proper border control
Michael: no passport, no entry
Daniel: good you wrote us this I think :P
Matt: yes, we're morons 
Daniel: haha, yes, a bit
Brian: I didn't even know we're going to enter Bosnia, I though we're going to stay in Croatia only
Michael: we planned to go to Mostar and the mountains, so Bosnia it is
Brian: anyway, I'll pack my passport
Michael: very good","Daniel, Michael, Matt and Brian are going to Croatia and Bosnia and Herzegovina. They are packing. Michael reminds them to take their passports, because Bosnia and Herzegovina is not in the EU. They will go to Mostar and the mountains in Bosnia.","""I don't know what to say to that,"" he said. ""I'm not going to tell you what to do. I don't want you to think about it.""

He added: ""I think it's important for us to be honest with each other about what we're doing and what we"
"Sharon: My mum knows
Ahmed: Aaaand?
Sharon: She’s angry, I’m grounded
Ahmed: For fuck’s sake you’re 19
Sharon: But I still live with my parents, let me remind you -_-
Ahmed: So move out
Sharon: It’s not that easy, hello
Ahmed: Move in with me, we would be together all the time :*
Sharon: I’d have to go to work, I’m still a student
Ahmed: Don’t worry, I’ll take care of you
Sharon: My parents will stop talking to me at all
Ahmed: So what
Sharon: I care about my parents, cmon!
Ahmed: But they’re stupid
Sharon: Don’t talk about them like that!! They’re just… old and manipulated
Ahmed: How can you manipulated into being an asshole -_-
Sharon: Ok, I know you fell hurt by their behavior but stop it
Ahmed: You don’t care about me
Sharon: I do! But my family is important to me, you should understand that
Ahmed: OK, whatever",Ahmed wants Sharon to move in with him but she's afraid of her parents' reaction. Ahmed is angry.,"""I think it's important for us to make sure that we're doing everything we can to ensure that we have the best possible service to our customers,"" he said.

He added: ""It's important to us that our customers have access to the most up-to-date information about our products and"
"Nora: John, are you at school?
John: yes, maths now
Nora: I've just talked on the phone to your math teacher
John: oh
Theresa: yes, where are you?
John: in the park
Theresa: Wait there, we have to talk
John: no, I'm leaving
Theresa: wait for me! 
Theresa: We're your mothers!",John is in the park. He is leaving now.,"""I think it's important for us to make sure that we're doing everything we can to ensure that we have the best possible service for our customers,"" he said.

""We're going to continue to work with our partners to ensure we're providing the best service possible to our customers.""

The"
"Willyx: how did your job interview go?
Alicja: it's tomorrow :D
Willyx: sorry
Alicja: it's ok :)
Willyx: let me know how it went
Alicja: sure",Alicja's job interview is tomorrow. She will inform Willyx how it goes.,"""I think it's important for us to do something about it,"" he said.

""It's important to us that we do something to stop this from happening.""

Topics: government-and-politics, federal-government, australia, asia

First posted"
"Frank: wat are u doing??
Andy: watching Arrow B)
Frank: dont u have a quiz tomorrow :/
Andy: yeah, so? :3
Frank: so go study for it 
Andy: its a small quiz
Frank: so it doesnot matter??
Andy: it does, but ..
Frank: but??
Andy: i'll study for it tomorrow
Frank: yea like ur gonna wake up on time for that -_-
Andy: dude your not my dad
Frank: -_-",Frank tries to encourage Andy to learn for the tomorrow's quiz.,"""I think it's important for us to do something about it,"" he said.

""We're not going to be able to do that. We're going to have to look at what we can do.""

Topics: government-and-politics, federal-government, australia"
"Frederick: do u like ur new next door neighbors?
Frederick: they seemed really cool yesterday when we ran into them
Ricky: they're nice people but they're incredibly noise
Ricky: they also have parakeet that wouldn't stop squawking all night long hahaha
Frederick: sucks to be you",Ricky's new neighbours are nice but loud. They own a parakeet that makes a lot of noise throughout the night.,"""I think it's important for us to be able to do that,"" he said. ""I think that's what we're trying to do.""

He added: ""It's important to us that we have the resources to do what we need to do. I think we're going to have to do"
"Craig: Man, u there?
Derek: Yeah, tell me
Craig: I need help with my computer
Derek: What happened?
Craig: I don't know exactly but it's not working
Derek: Well, ok... give me 20 minutes, got to get to my car
Craig: Ok, thanks
Derek: No prob",Derek will be at Craig's in 20 minutes to help him with his malfunctioning computer.,"""I think it's important for us to be able to do that,"" he said.

""It's important to us to make sure that we have the resources to do it.""

Topics: government-and-politics, federal-government, australia

First posted"
"Ethan: who's going to see solstafir?
Noah: solstafir! when?
Noah: i had no idea they were playing
Archie: I'm not :D.
Leo: i'm going ofc!
Ethan: 21.11
Noah: that's a wednesday... ehh...
Noah: i'll have to see, might have to stay late at work...
Leo: nooo you have to come
Ethan: yeah you have to!
Archie: There are better concerts :P.
Noah: i know, i would really like to see them, but yeah
Leo: archie... :P
Ethan: don't mind him :P
Noah: i'll see and let you know, it would really suck to miss them
Leo: yup!
Ethan: yup! x2","Ethan and Leo are going to see Sólstafir on 21.11. Noah would like to go too, but he might have to stay late at work.","""I don't know what to say to that,"" he said. ""I'm not going to tell you what to do, but I'm going to say what you need to do.""

He added: ""If you're going to do something, you have to do it. If you're not going"
"Victor: do you need me to pick you up from the airport
David: that would be neat
Victor: what time are you landing
David: 17:30 at Sevilla
Victor: SEVILLA???
David: yeah sorry
David: Jerez was too expensive
David: you don't have to pick me up if you can't
Victor: no its ok",David lands at 17:30 at Sevilla airport and Victor will pick him up.,"""I think it's important for us to do something about it,"" he said.

""We're not going to do anything about it. We're going to take care of it.""

Topics: government-and-politics, federal-government, australia

First posted"
"Meg: still at school?
Ann: i have extra math classes
Meg: so when can i meet you?
Ann: i will be home at 7",Ann is still at school. She will be home at 7 so she can meet Meg then.,"""I don't know what to say about it,"" he said. ""I'm not sure what to think about it. I don't think I'm going to be able to do anything about it.""

He added: ""I think it's going to take some time. I think it will take some"
